id,customer_name,customer_email,rating,title,content,created_at
rev-40aebcbc-988e-4f87-857f-0101c9a3f0eb,,henjorensen@kpnmail.nl,5.00,Keurig netjes af,Keurig netjes afgeleverd ,"30.08.2025, 15:31"
rev-60b5c2fd-8221-491f-b865-da300b462010,Henry Geenen,h.geenen@ziggo.nl,5.00,Carplay multimediasysteem geplaatst met behoud van autofuncties,"Een oprecht familiebedrijf met veel kennis van zaken. Een prachtig Carplay multimediasysteem geplaatst waarbij al de autofuncties ook prima functioneren. 
Ook erg tevreden over de aftersales. Echt een aanrader. ","21.06.2025, 10:19"
rev-5d11559c-bbc8-4a1f-a6e1-00bd0e52964b,Fred Thijssen,fred.thijssen@mail.com,4.00,Alles zeer correct ingebouwd,"Alles zeer correct ingebouwd, incl stuurbediening.","18.06.2025, 10:22"
rev-7cd755fd-01d6-48fb-bcea-919e18c3a98d,Henry Geenen,h.geenen@ziggo.nl,5.00,Ik ben enorm tevreden met de service…,"Ik ben enorm tevreden met de service van dit mooie familiebedrijf. 
Mijn auto snel en kundig voorzien van een mooi mediasysteem waarbij al de functionaliteiten van de auto prima werken. Ook zeker de aftersales verdiend een dikke pluim","11.06.2025, 22:20"
rev-161dfd08-5479-4548-b14e-c95693a61b60,Math Bovens,bovensm@kpnmail.nl,5.00,CarPlay in Ford B Max,"Was op zoek naar een bedrijf dat autoradio’s ed in deed bouwen en kwam bij Car Audio Limburg uit.
Ze hebben me een fijne moderne unit ingebouwd waar ik de komende jaren plezier van zal hebben.
Na de nodige tekst en uitleg wat duidelijk genoeg werd uitgelegd voor een ouder persoon ben ik zeer tevreden.
Na inbouw van de radio ook de achteruitrij camera bij hun laten doen van beide werkzaamheden was heel goed verzorgd door hun wat ik zeer positief vond.
Deze mensen weten waar ze mee bezig zijn om een klant tevreden te stellen ik weet mocht het nog een nodig zijn zeker weer van hun diensten gebruik zal maken..","11.06.2025, 17:06"
rev-fbd3b511-d64b-40b0-889d-53f4ac214f09,Eddy Baaten,familiebaaten@outlook.com,5.00,audio upgrade ,Vriendelijk ontvangen. Goede uitleg over mogelijkheden. Hoogwaardige kwaliteit audio apparatuur en zeer tevreden over de prestaties die deze levert in mijn auto. Niets negatiefs op aan te merken.. zeer zeker aan te raden als je een audio upgrade wilt in je auto.,"05.06.2025, 00:09"
rev-2ab9eac5-acd1-440f-b13d-e19e99eadd01,Paul  de Feij,phpdefeij@ziggo.nl,5.00,Alle was tot in de puntjes geregeld.,Alle was tot in de puntjes geregeld.,"21.05.2025, 11:20"
rev-0a97ed54-9c3f-4015-b6a2-ffea3af8bc20,Martin Dicke,mddibm@mac.com,4.00,snel en goed,"Bijzonder bedrijf op de rand van een bedrijven terrein. Goede service en correcte prijs. Binnen een paar uur zat er een achteruitrij camera in mijn oude Dacia Logan.Jammer is alleen dat er geen eettentje of iets anders in de buurt is. 
Verder OK","16.05.2025, 08:23"
rev-3f0a0004-3008-494b-ade9-82a731431a29,Sabrina Guyot,sgbox56-divers@yahoo.fr,5.00,Pleasant welcome and competent staff,Pleasant welcome and competent staff. Quick understanding and perfect execution. I recommend.,"14.05.2025, 21:32"
rev-7ab63d7c-65f8-4ba4-8c35-547f02e4f46a,Mariet  Janssen ,ml.janssen.konings@gmail.com,5.00,Prima service,Prima service,"14.05.2025, 11:17"
rev-d18521d6-c5ca-4d14-bb62-116a039a0a78,Rick Hensgens,autolease@wellcoll.com,5.00,Snelle en goede Service,"Laatst super fijn geholpen door Dennis, voor het inbouwen van Apple Car play in een Volkswagen Polo.","14.05.2025, 09:40"
rev-900737b5-4afa-4d61-b5aa-514252877b80,Rob de Jong,robtablet66@gmail.com,4.00,"No nonsense, ze doen wat ze beloven!","No nonsense: ze adviseren duidelijk en doen gewoon wat ze beloven. De producten zijn prima en de inbouw is volgens mij uitstekend. Je ziet niet dat er iets open is geweest! Geen rommel, gewoon ouderwets goede service. Mijn VW Multivan kan er weer tegen.","07.05.2025, 20:30"
rev-75300f39-f099-44c8-a664-091d514e069a,,aernout@eibergen.nu,5.00,,,"02.04.2025, 15:58"
rev-13cf27fb-d8db-4ff2-af43-a9c0f86bafda,Auto Bongers vof ,info@bongersauto.nl,5.00,Super goed geholpen door Team Car Audio…,"Super goed geholpen door Team Car Audio Limburg. Prima  prijs, qualiteit verhouding ,snelle service en goede uitleg, kortom echt een aanrader.","14.03.2025, 10:06"
rev-1461a84e-1211-447d-b8bf-4c800aebd19c,Pieter Nieuwlaat ,pieternie@hotmail.nl,5.00,Dennis heeft in mijn Tipo heel netjes…,"Dennis heeft in mijn Tipo heel netjes een mooi systeem met Apple CarPlay ingebouwd.
Goede service.","19.02.2025, 23:54"
rev-2718ca89-7088-4e99-b91b-dcb0554cd1d5,Marij Hannon,p.hannon59@hotmail.com,5.00,De camera,"Ik ben heel blij met de achteruit- en vooruit-camera. Vooral als je maar weinig plaats hebt om in te parkeren. Het is even wennen, maar het is fantastisch. Verbeterpunten zijn er niet. Jullie hebben alles goed gedaan, zelfs de auto gestofzuigd en goed uitleg gegeven. Dank jullie wel. Ik zal jullie zeer zeker aanbevelen bij andere mensen.","12.02.2025, 12:18"
rev-a3b5d687-d525-452a-9c22-1328a49232f1,Noud Fieten,noud.fieten@gmail.com,4.00,Hele goede communicatie. Afwerking is een aandachtspunt. ,"Hele goede communicatie, duidelijke en transparante afspraken en geleverd zoals afgesproken. Verbeterpunt; afwerking van de ingebouwde radio. Op enkele punten zichtbare stukjes uit het dashboard (niet direct in het oog) en op sommige plaatsen geen naadloze afwerking. ","05.02.2025, 22:42"
rev-e4ffac32-953f-4c8d-9077-43639ee18467,Josefine Heck,joheac1958@gmail.com,5.00,Von der Beratung angefangen,"Von der Beratung angefangen, bis zum Einbau hat alles wunderbar funktioniert.Der Termin wurde wie vereinbart eingehalten. Car Audio Limburg hat mein Vertrauen und ich würde mich jederzeit wieder an sie wenden. ","05.02.2025, 12:57"
rev-73d2e6d4-91bf-4795-a783-cce50947a029,Bob Dellwing,bob.dellwing@vodafone.com,5.00,Geweldige service,"Onlangs een Apple Carplay module in laten bouwen in onze RS3. Zoals verwacht is deze inbouw op uiterst professionele wijze verzorgd. Achteraf nergens een krasje, beschadiging of wat dan ook kunnen ontdekken. Voor ons héél erg belangrijk aangezien we echte autoliefhebbers zijn.

Bij het ophalen van onze auto een erg uitgebreide uitleg en demonstratie gekregen van Eren. Geen vraag bleef onbeantwoord. Tijdens de uitleg viel het me opeens op dat er nergens meer een vuiltje of stofje te ontdekken was in het interieur. Desgevraagd liet Eren zich ontvallen dat hij een beetje tijd over had en daarom het hele interieur had schoongemaakt! En dat was nog niet alles, hij had ook onder de motorkap nog even alles spik en span gemaakt...

Nou, daar wordt je toch even stil van. Zoveel liefde voor het vak en voor de auto's waar hij aan ""mag werken"" (dit waren zijn woorden overigens). Super tevreden!!!

Nogmaals bedankt Eren en uiteraard ook Dennis en Romy voor de geweldige service en graag tot een volgende keer.

Mvg,

Bob
RLZ-24030495 ","30.01.2025, 09:50"
rev-7f7d998a-4368-4718-adce-6c09ea42f2ce,Fred Thijssen,fredmens@icloud.com,4.00,"prima ingebouwd,.","prima ingebouwd,.. ook ongevraagd extra kabel geinstalleerd. Communicatie was n beetje slordig","29.01.2025, 15:28"
rev-fdc017ee-204f-46ba-b4b3-19fb51b9dcd3,They Hamers,theyhamers@gmail.com,5.00,Aandacht voor de klant en zijn vragen.,"Prettige ontvangst, bereidwillig en probleem oplossend. Vaste prijs bleef vaste prijs ondanks dat de montage toch wat tegenviel.
Prettige sfeer en mensen die hun vak beheersen.","22.01.2025, 20:38"
rev-cdfd18b7-0a3d-477c-9936-db8176f8cf81,Arold van Tilburg,a.vantilburg@ziggo.nl,4.00,Een Goede Service,"Je krijgt een goed advies over de producten wat je wilt kopen.
Het inbouwen van de apparatuur wordt in de auto netjes afgeleverd zonder dat iets beschadigd is.
Ik raad Car Audio Limburg aan voor de mensen die van kwalitieit houden
","22.01.2025, 14:48"
rev-3e99cdab-3e41-4cbd-89d2-de5f4259314a,Emiel  Swakhoven ,eswakhoven@gmail.com,5.00,Geheel volgens mijn wensen uitgevoerd…,"Geheel volgens mijn wensen uitgevoerd kon niet beter 
Bedankt ","22.01.2025, 11:07"
rev-64398dff-6c9b-4dad-8411-64b389222968,Walter Schab ,Walterschab@home.nl,5.00,Zeer tevreden met de ingebouwde…,Zeer tevreden met de ingebouwde achterruitrijcamera. Verbeterpuntje om de tijdsduur van montage ruim genoeg door te geven,"13.01.2025, 14:54"
rev-47ea3438-dc8e-4835-87f2-33f317842087,Frans Tan,e.s.tan@home.nl,5.00,Ik heb een rav4 uit 2016,"Ik heb een rav4 uit 2016. Bij Toyota werd mij gezegd dat een inbouw van een auto carplay alleen mogelijk is bij modellen vanaf 2019. Niets is echter minder waar. Dennis verzekerde mij dat het wel kan, met behoud van alle sensoren en 3d camera. Na inbouw heeft een monteur ruim de tijd genomen alles uit te leggen. We hebben de carplay nu een kleine 2 weken en zijn er heel blij mee.","12.01.2025, 08:11"
rev-258a82ef-0eff-4d0d-b933-baeaed1d3c3c,Giel ,burgtg@gmail.com,4.00,Prima service snel geholpen en netjes…,Prima service snel geholpen en netjes ingebouwd en afgeleverd ,"23.10.2024, 13:32"
rev-b5333367-a74b-430a-8a83-e7448f7f7bd7,leon thissen,leon.thissen@kpnmail.nl,5.00,vakmanschap en duidelijkheid reparatie…,vakmanschap en duidelijkheid reparatie en installatie,"14.10.2024, 12:04"
rev-20033a16-dd32-4f20-be8e-ac695a42d733,Rudi PEETERS,rudi.peeters@telenet.be,5.00,Top vakteam voor alle car elektronica !,"De inbouw van de Pioneer SPH-EVO93 was vlekkeloos en ook de after service 1,5 jaar na installatie was super.
Bij C-A-L ben je in goede handen.","05.10.2024, 20:57"
rev-c1321628-7e33-4605-8982-e217deb82cf7,Wilma  Hendriks ,wil41ma@hotmail.com,5.00,Aanrader en top service!,"We zijn vanuit Gelderland naar Sittard gereden om in de Opel Mokka Apple car-play te laten inbouwen en daar zijn we toch content mee, fijne mensen.
Groeten, Wilma","04.10.2024, 14:37"
rev-5e75df26-1011-4df4-a896-7d4ad2bdb0dc,jan latten,lattenjan@gmail.com,5.00,vakkundig bedrijf met goede kennis van…,"vakkundig bedrijf met goede kennis van zaken. vriendelijk, correct, gaat netjes om met de auto, geen beschadigingen of zo. werkplaats en winkel netjes en opgeruimd. kortom: een aanrader","04.10.2024, 12:38"
rev-f63a0d49-4ba6-497a-94e9-d41cdb15b7c3,Juan Ballesteros ,Juanballesteros@versatel.nl,5.00,Installatie van één CarPlay ,"Ben heel tevreden met de vakkundige en installatie van de CarPlay , en jullie service ","04.10.2024, 11:02"
rev-5755854e-49bd-4999-90bc-9957af26baad,Robert Göttgens,rgts@home.nl,5.00,"Car Audio Limburg: professioneel, top advies en klantvriendelijk!","
Eind augustus 2024 door Team Car Audio Limburg in mijn 520i de originele BMW audio installatie laten vervangen. Na twee langere gesprekken met Audio Limburg was het advies de speakers voren en achteren te vervangen i.c.m. betere subwoofers onder de stoelen. En wel van het merk Audison. Verder werd geadviseerd te gaan werken met de C- of M-lijn DSP versterker, eveneens van het merk Audison. Hierbij werd een duidelijke kanttekening geplaats: de M-variant zou door het hogere vermogen voor significant meer finesse en controle zorgen.
Bij de M variant wordt aan de voorzijde ook gebruik gemaakt van een andere tweeter, 28mm i.p.v. 24mm, die beter bij de M-lijn past. Daardoor gaat het geheel naar een hoger plan! Citaat uit een van de twee adviserende gesprekken: ’i.v.m. uw muziekkeuze en enigszins verwende oren gaat u dit zeker goed horen en waarderen’.

Na oplevering van het geheel eerst een weekje 'inluisteren / leren' van het geheel, ik was er meteen bijzonder tevreden over. In die week best veel CD's en andere .wav opnames afgespeeld! Daarna opnieuw naar Car Audio Limburg om de equalizer/klankkleur (van de versterker) op mijn subjectieve smaak, wensen en best verwende oortjes af te laten stemmen. Ben nu nog meer tevreden!

Kortom, een professioneel advies m.b.t. de keuze voor deze uitstekende installatie met als resultaat een perfect geluid!! Past 100% bij mijn muzikale smaak (voornamelijk redelijk complexe symfonische rock).

En last but not least: zeer klantvriendelijk. Normaliter heeft Car Audio Limburg een auto drie dagen nodig om het geheel autospecifiek te installeren, inclusief plaatsing dempingsmatariaal tegen resonantie en bijgeluiden en zorgvuldige afstelling m.b.v. een meetmicrofoon. Door huiselijke omstandigheden kan ik onze auto echt zeer slecht missen, dus ik moest gedurende de drie dagen een auto huren. Door een zorgvuldige planning, door extra inzet medewerkers en wellicht door extra overuren heeft Car Audio Limburg het karwei in twee dagen weten te realiseren. Respect en dank hiervoor!

Robert Göttgens, Vaals","13.09.2024, 14:05"
rev-e50678e9-e4e1-4d3c-ae0c-3b8332c86fef,gordon hewitt,gordonhewitt9577@gmail.com,5.00,Excellent Customer Focussed service-…,"Excellent Customer Focussed service- pre installation, Installation and post Installation- full engagement throughout all stages.","30.06.2024, 10:09"
rev-2e517f0d-0441-484b-9184-acd1557b202c,Kristof Bossaer,kristof.bossaer@telenet.be,3.00,Alles kan beter,"Geachte,

Uiteindelijk zijn de gevraagde werken goed afgewerkt zoals gevraagd na de tweede interventie bespreking van ons, met toch een aantal vraagtekens tijdens het proces. Ik vond dat de communicatie niet optimaal verliep na de werken na de plaatsingsdag, ik werd niet echt op de hoogte gebracht van de problemen of oplossingen die zich voordeden. Wel is er uitvoerig gecommuniceerd voor de werken met Whatsupp wat ik erg apprecieer. Ik was verbaast na de tweede interventie dat na de werken er werd gemeld dat ik niet gecommuniceerd had dat überhaupt DAB+ geïnstalleerd wordt. Nu mijn inschatting is dat het niet logisch dat er indien een nieuwe professionele Alpine installatie wordt geïnstalleerd op een originele werkende DAB+installatie van Ford het blijkbaar niet vanzelfsprekend is dat opnieuw DAB+ wordt geïnstalleerd die toch naar mijn weten een standaard wordt in onze maatschappij? Ik begrijp ook dat het soms ook moeilijk is om oplossingen te vinden in een snel veranderde evolutie die zich voordoet in de industrie. Ik miste gewoon opvolging, ondersteuning, oplossingen en communicatie. 

Toch bedankt voor de installatie.","21.06.2024, 18:50"
rev-71457173-b8d3-4c7f-af6e-8cbd66415ba6,LE Oostenbrug,oostenbrug.ernst@xs4all.nl,4.00,Persoonlijke behandeling,"Persoonlijke behandeling
Punctueel
Netheid","20.06.2024, 16:29"
rev-e9085815-a542-4bb8-b101-9877d2aa2f91,Mark van Engelen,markvanengelen@yahoo.com,5.00,Persoonlijke maatwerk ,"Mooie touch screen schermen voor Volvo, persoonlijke maatwerk en prima wachtlocatie en -tijd.  ","20.06.2024, 16:29"
rev-358b49ac-e741-4ff0-8ff5-5ce3bc3f44d6,Paul De Vries,p.s.devries@home.nl,5.00,Zeer tevreden met de inbouw van het multimedia systeem en de afwerking en de uitleg.,Zeer tevreden met de inbouw van het multimedia systeem en de afwerking en de uitleg.,"19.06.2024, 13:26"
rev-90b0cae6-57fd-498e-8acd-a367a9aa5d3c,Alex Timmermans,alex.timmermans123@gmail.com,5.00,Hier een achteraf systeem van CarPlay…,"Hier een achteraf systeem van CarPlay laten inbouwen 

Werkt perfect ","19.06.2024, 11:09"
rev-6c6b7541-5759-4414-86d5-a6fd5258d14b,Frank Adriaensen,frank_adriaensen@hotmail.com,5.00,vlot en vriendelijk - problem solvers ,"vlot en vriendelijk, probleemoplossend, denken mee met de klant, ","18.06.2024, 11:12"
rev-4503f9de-38e1-4d90-bf8d-48617d106ff3,Mat Vestjens,mvestjens@yahoo.com,5.00,Correcte afspraken ,"Correcte afspraken 
Grote klantvriendelijkheid 
Klasse deskundigheid ","12.06.2024, 12:28"
rev-34dda1e4-eb2b-4a42-ad6d-a8a0e93e042f,,nsspanday@gmail.com,5.00,"Fijne ervaring, kan het aanraden","Fijne ervaring, de informatie was helder en duidelijk. Ik heb recentelijk een display upgrade voor Android Auto/ Apple carplay laten uitvoeren.
Het team was ten alle tijde bereid om vragen te beantwoorden voor , tijdens en na plaatsing. Ook een telefonische opvolging was nooit teveel gevraagd, waarbij er tijd genomen werd om ervoor te zorgen dat de vragen naar tevredenheid waren beantwoord. Het scherm is van goede kwaliteit met de laatste software en het werkt tot heden heel goed. Belangrijk om te realiseren is dat de gebruikerservaring van de apps voornamelijk door Android Auto of Apple Carplay zal worden bepaald. Door de dual interface van mijn Audi MMI en Android Auto, is mijn Audi MMI interface nog steeds actief en werkt goed met het scherm samen. Een punt voor ontwikkeling zou zijn, het gebruik van  mijn Audi microfoon voor het aansturen van de apps in Android Auto. Al met al een mooie upgrade, zeker de moeite waard  ","03.06.2024, 09:37"
rev-e626f2e9-4852-4638-b9f8-686c70359717,,stefan-intven@hotmail.com,5.00,,,"22.05.2024, 12:11"
rev-abb37b15-3c36-4c58-8818-707db5c4f756,Kees  van Koesveld ,kvkoesveld@ziggo.nl,5.00,Zeer goede service ,Zeer goede service en product voldoet ruimschoots aan mijn verwachting,"22.05.2024, 12:02"
rev-070d8d04-93d0-491c-b86d-1e96ae826ac2,John Rikumahu ,jrikumahu@gmail.com,5.00,Bedankt voor de goede service,"Bedankt voor de goede service. De uitleg en begeleiding heb ik als fijn ervaren, de montage was netjes en goed uitgevoerd. Al met al, jullie hebben een tevreden klant naar huis gestuurd. Nogmaals bedankt, helemaal top!","24.04.2024, 11:05"
rev-49bdd6c9-86c5-4ee9-abb2-85b47c9f1fab,francois hermans,hermansfrancois@hotmail.com,4.00,duidelijke afspraken en uitleg,duidelijke afspraken en uitleg. wellicht toch vooraf info bij dealer vragen als accu eraf moet wat te doen. zijn eenvoudige protocollen van ;-),"17.04.2024, 18:03"
rev-123f1d7c-3fe7-448a-a6d1-d85564dcffb0,Ron Bakkers,ron@bakkersgeleen.nl,5.00,Perfecte inbouw,"Perfecte inbouw, vooraf duidelijke afspraken gemaakt en deze zijn meer dan waar gemaakt.","17.04.2024, 12:49"
rev-df424bbf-1635-4d16-8eef-eccf0691bf53,Harry Dekkers,hj.dekkers@ziggo.nl,5.00,Vriendelijke gastvrije ontvangst.,"Vriendelijke gastvrije ontvangst.
Vakkundige uitleg 
Vakkundige inbouw en snelle service bij afstelprobleempje.
Mensen weten waar ze over praten 
Zal beslist hier terug gaan indien nodig of nieuwe apparatuur.
","08.02.2024, 14:22"
rev-914a9a8d-8278-4e4a-bc82-ef75d0ad17f9,Petra Roelants,petra.george.roelants@compaqnet.nl,5.00,"Vakkundig, betrouwbaar, goed product en goede service","Het bedrijf heeft een goede uitstraling, het is betrouwbaar en vakkundig. De communicatie verloopt voorspoedig, is helder en je weet waar je aan toe bent. Het bedrijf staat 100% achter hun product en dienstverlening en hanteert een vriendelijke en zeer goede service. Wij zijn erg tevreden over de inbouw van de Apple/Android Car Play in onze BMW Z4.","08.02.2024, 08:46"
rev-559f65d5-b190-4726-8640-507192ac2b47,bryan kerkhofs,Bryankerkhofs@live.nl,5.00,Top service,"Top service, goede communicatie en vakmanschap. Als je een auto hebt die je nog jaren wilt jaren maar geen apple CarPlay heeft, ben je hier op het juiste adres. Ze werken het prachtig weg en je hebt na 1 dag werk een 10,25 inch full HD touchscreen. 

geweldig!","07.02.2024, 17:11"
rev-7b7664cc-6422-4063-8686-632cac3131a9,Rene ten Oever,rene@landside.nl,5.00,EXPERTS,"De expertise van het team van Caraudiolimburg is ongeëvenaard. Zij hebben met uiterste precisie mijn oude, eenvoudige audio-installatie verwijderd en deze vervangen door een fenomenaal DAB+ hifi-systeem. Het toegevoegde dempingsmateriaal in de deuren verbetert de geluidskwaliteit aanzienlijk en geeft de deuren een solide gevoel bij het sluiten. De installatie van de professionele achteruitrijcamera en cruise control was de kers op de taart. Mijn ervaring met Caraudiolimburg is uiterst positief, ook de extra gevraagde werkzaamheden zijn met grote zorgvuldigheid uitgevoerd. Een absolute aanrader voor iedereen die zijn auto wil upgraden met hoogwaardige audio en accessoires.

","17.12.2023, 21:35"
rev-065b012a-b3e9-499a-b6bd-5ead48d6d97f,Theo Roverts,theo.roverts@hotmail.nl,5.00,Na afspraak over n Pioneer autoradio cd…,"Na afspraak over n Pioneer autoradio cd speler  gemaakt  te hebben kreeg ik n bericht dat dit type leveringsproblemen had.Dennis heeft toen n verbeterde versie met DAB geregeld voor nagenoeg de zelfde prijs.super netjes ingebouwd voldoet aan al mn wensen.zelfs de oude meuk van  n oude Nokia telefön heeft Dennis er uit gehaald.super.Auto uitgezuigd terug gekregen.dus als je op zoek bent voor car audio met goeie service en goede afspraken,beveel ik Car audio Limburg in Sittard aan.Romy en Dennis jullie zijn toppers.bedankt😀👌","10.12.2023, 18:15"
rev-c919b9bf-47ab-440d-ba50-6dad439ceb16,Dennis ,Info@autoaanpassingenzuid.nl,4.00,Komen afspraken na en weten wat ze…,Komen afspraken na en weten wat ze verkopen,"07.12.2023, 18:15"
rev-00cb7e96-3ea1-4e5a-b0eb-872cb0f0da77,Roy Grembowski ,rm.grembowski@ziggo.nl,5.00,De twee camera's voor en achter zijn…,De twee camera's voor en achter zijn netjes gemonteerd en afgewerkt in mijn Qashqai ,"07.12.2023, 16:48"
rev-6c42ee47-7e69-4a91-ae20-d5f8f7095683,Willem Marten,willem@willemmarten.com,5.00,Kundig!,"Kundig, flexibel en ook nog een gezellig welkom. Ik ben onwijs blij met de oplossing die ze hebben uitgevoerd in de portieren van mijn auto. Niks uit de weg gegaan om de deuren te ontdreunen, dempen en isoleren. Met mij bestaande sound system is de geluidskwaliteit echt bizar vooruit gegaan! ","07.12.2023, 13:27"
rev-64c7a594-7d7f-4a87-b73f-5cdd2dfb33fa,Ramon Hendrix ,ramonenloes@gmail.com,5.00,Super bedrijf!!!,Super bedrijf. Fijn telefonisch contact en hebben mij netjes geholpen met advies over monteren achteruitrijcamera. Tevens daarna  netjes gemonteerd. Hebben het nu meer als 1 maand en zijn er zeer tevreden over. Kan het iedereen aanbevelen.,"07.12.2023, 11:51"
rev-5fa70e11-eb43-4536-b96b-ef1c1d43b3bb,Irene P.,i.pluimakers@home.nl,5.00,Hulde!,"Opvallend is de zeer vriendelijke benadering.
De informatie met daarna de installatie van mijn twee bestelde producten geschiedde geheel zoals vooraf omschreven: duidelijk en zorgvuldig. Je weet waar je aan toe bent.
Vlak na installatie van een van mijn multi-media uitbreidingen bemerkte ik een storing. Deze is direct, zonder problemen zorgvuldig onderzocht en opgelost.
Prima bedrijf.","07.12.2023, 11:44"
rev-db142854-34b7-40f2-97fe-40265ec5984b,Erik Felder,felder@ziggo.nl,5.00,Zeer gespecialiseerde en vakkundig bedrijf.,"Nadat ik bij een ander bedrijf in Heerlen te horen kreeg, dat het inbouwen van een Multi Media Systeem niet mogelijk was in mijn Kia Ceed SW uit 202, heb ik contact gezocht met Car Audio Limburg.
Er werd positief gereageerd op mijn mail en vrij vlug een afspraak ingepland om eens naar de mogelijkheden te kijken.
Ik werd zeer vriendelijk ontvangen door Dennis die mij direct duidelijk maakte dat het geen probleem zou zijn een Android 13 scherm met goede specificaties in te bouwen.
Hiervoor planden wij een afspraak in en werd perfect werk afgeleverd door het vakkundig team van Car Audio Limburg.
Ik persoonlijk zal hun altijd aanbevelen als iemand vraagt waar hij voor goede service op het gebied van Auto Audio terecht kan.
Car Audio Limburg nogmaals dank voor jullie prachtig resultaat !!!","22.11.2023, 10:57"
rev-3e5f36fa-33c0-4586-92c4-63d2b0999c99,Gerard van Mulken,sales@geraheating.com,5.00,N Familiare ontvangst  en top werk…,"N Familiare ontvangst  en top werk geleverd 
n aanrader 8 !!!","21.11.2023, 19:29"
rev-29834995-9001-43dd-88c8-3f864d319526,Vitor Quinzereis,vitor.quinzereis@gmail.com,5.00,I liked the professionalism and the…,I liked the professionalism and the quality of the work. ,"21.11.2023, 18:18"
rev-4c035612-06f6-4f03-bb5b-69a5dde61933,Ge Versluis,info@deblauwedeel.nl,5.00,Hartelijke mensen.,Met een keurig ingebouwde Android navigator konden wij onze vakantie reis vervolgen.,"21.11.2023, 17:47"
rev-fb616728-ef3e-4f11-a835-6fac311cd8ae,Bernard Wijnen,info@generaalprojecten.nl,5.00,"perfect, meedenkende ondernemers.","wel, mijn autoradio begon raar te doen en daarop direct Dennis gebeld. afspraak gemaakt, langsgegaan en binnen een uur had ik een nieuwe radio erin. perfect gewoon, daar ik ontzettend druk ben en eigenlijk nergens tijd voor heb.","21.11.2023, 17:18"
rev-15b0982f-21ef-416f-a055-cf84d266d88b,Mariëlle  Meelkop-Simons ,rick.meelkop@home.nl,5.00,Goed contact en goede service,Goed contact en goede service. Door omstandigheden op sluitingstijd pas daar om de auto op te halen. Er werd ruim de tijd genomen om alles uit te leggen.,"21.11.2023, 17:07"
rev-0502a2f2-8ee8-4f85-aea9-b017569b16db,Xavier H.,info@xhelos.be,5.00,Was even zoeken waar de foutmeldingen…,"Was even zoeken waar de foutmeldingen in de auto vandaan kwamen na installatie.
Na grondige foutanalyse en alignment met de zaakvoerder werd de dashcam geïïnstalleerd met perfect resultaat en professionele afhandeling.
TOP TEAM!
Dankjewel!","21.11.2023, 15:48"
rev-6850d2b0-528c-41db-a465-92e95ca3c3ce,Jack Goltstein,jackgoltstein@gmail.com,5.00,Wat een topbedrijf!!!,"Wat een topbedrijf!!!
Onlangs auto van dochter gebracht voor nieuwe autoradio met scherm,
helemaal perfect gemonteerd! Mijn auto gaat ook een nieuwe radio met scherm tegemoet!","03.10.2023, 13:20"
rev-dc5f36df-b716-43f8-b892-1c4002213e4b,Jolanda Coolen,jolanda.coolen@gmail.com,5.00,Mijn 29 jarige VW Westfalia camper…,"Mijn 29 jarige VW Westfalia camper heeft nu Apple CarPlay, achteruitrijcamera en een fantastisch geluid! Het resultaat overtrof mijn verwachtingen. Dus kan niet anders zeggen dan ""uitstekend"".","02.10.2023, 23:36"
rev-e68d04a6-5226-42a0-8121-3dda39ae7c74,Mark Smeets,marksmeets@ziggo.nl,5.00,Perfecte kwaliteit geleverd,De geleverde installatie voldeed boven verwachting en was een metamorfose van de geluidskwaliteit.  ,"16.07.2023, 17:34"
rev-50a38687-7873-44d8-bb75-e79b6a449925,Winfried Hamacher,winfried.hamacher1958@gmail.com,3.00,Persoonlijk maar graag meer uitleg.,"Persoonlijk, direct contact.
De toegevoegde waarde van de subwoofer had bij het uitbrengen van het voorstel beter uitgelegd kunnen worden. Qua geluidsbeleving voegt de subwoofer alleen waarde toe voor de bastonen. Vooral bestemd voor de generatie 18-30 jarigen. Daarnaast neemt de subwoofer behoorlijk veel plaats in in de kofferbak. Achteraf gezien had ik de subwoofer waarschijnlijk niet aangeschaft.
","16.07.2023, 09:50"
rev-69049a80-75e7-48a0-ae74-c6348d03eb4e,Fred  Pijs,fredpijs@live.nl,5.00,1e klas service ,"1e klas service 
Werkt heel netjes en je kunt altijd bellen als er iets is. ","15.07.2023, 08:23"
rev-fc1ff2e5-6d9f-49cc-89fa-daa7641a17f4,Wim Spee,cwspee@gmail.com,5.00,Geweldige  voorlichting va de producten…,"Geweldige  voorlichting va de producten  en zeer goed inbouw van het product (Alpine)
En afspraak is afspraak 
Top bedrijf ","14.07.2023, 18:42"
rev-f5c0dc18-2ba1-45b9-b746-4e1f8671a4fe,Martien  Hendrick ,eefmar@gmail.com,5.00,Zeer vriendelijke mensen,"Zeer vriendelijke mensen
Goede sevice
En uitstekende qualiteit van de producten ","14.07.2023, 18:39"
rev-ea688a6d-91e9-4315-8c60-8bffae767d5d,Chantal Weijgertse,spichami@home.nl,5.00,Zeer tevreden over caraudio limburg.,"Zeer tevreden over caraudio limburg.
Zowel telefonisch als in de zaak, zeer vriendelijk en professioneel geholpen.
Goede service en vakmanschap.","14.07.2023, 17:23"
rev-e4f1308f-7a5a-4cd8-9666-1dfc4d53b160,Roland  Bos,rolandbos@hotmail.nl,5.00,Goede en duidelijke offerte,"Goede en duidelijke offerte, alles comform afspraak geleverd en geïnstalleerd. Wij zijn dik tevreden!","14.06.2023, 14:01"
rev-d2b9b8ae-f6b5-400e-bc86-90291fe7af4f,Paul Pepels,info@pepels.nl,5.00,Topbedrijf met topmensen!! ,"Car Audio Limburg heeft ons geholpen met het aanleggen van een 12 volt voeding voor apparatuur in een werkbus. Ook het repareren van achteruitrijcamera van een vrachtwagen is uitgevoerd!! Niet het standaard werk maar ze draaien er hun handen niet voor om! De vrachtwagen is ook fijn op locatie gerepareerd zodat onnodig rijden ons bespaard bleef. 

Romy en Dennis bedankt en op naar het volgende project!! ","02.06.2023, 12:40"
rev-928b9239-b03f-4467-9a08-14abee626c75,Arno Persoon,arno.persoon@gmail.com,5.00,Zeer tevreden over het gehele traject,"Zeer tevreden over het gehele traject, van eerste contact tot aflevering. Duidelijke afspraken en communicatie, zowel telefonisch als via de mail. 
Een foutieve handeling van mij werd zonder problemen opgelost, dank daarvoor.
Ik kan Car Audio Limburg alleen maar aanbevelen.
Groet, Arno","31.05.2023, 17:21"
rev-b31a1abf-af61-4a9e-8fc2-f9087d9d7520,Lars Hamers,lars.hamers@gmail.com,5.00,Vriendelijke service en een nog beter…,Vriendelijke service en een nog beter eindresultaat... Super geluid met super service! Aanrader,"31.05.2023, 11:24"
rev-a6cc1849-6414-4684-a933-b0d23fb31f16,Jan Muller,jmuller@ziggo.nl,5.00,Kundige mensen en staan altijd open…,Kundige mensen en staan altijd open voor oplossingen.!! ,"25.05.2023, 08:04"
rev-b6dbc4a6-3b14-4270-87a7-daa7a0a3d917,Martien Hendrick,eefmar@gmail.com,5.00,Het is er altijd heel gezellig,"Het is er altijd heel gezellig
Snel en goed afgehandeld
Goede sevice
","19.05.2023, 07:48"
rev-44853b96-91e2-4252-b93a-a9e3cbdfb0ac,Ton ,visser.ton@gmail.com,5.00,Navigatie-update in Ferrari California. Top!,Bij Car Audio Limburg denkt men in maatwerk. Standaardoplossingen bestaan hier niet. Dennis komt met oplossingen en maakt duidelijke afspraken. De inbouw van de nieuwe navigatie-unit in mijn Ferrari California is vlekkeloos verlopen. Het resultaat is geweldig. Zie de foto's en oordeel zelf. Car Audio Limburg is een absolute aanrader voor alle navigatie en audio oplossingen in de auto.,"10.05.2023, 14:18"
rev-aa5d5185-801e-4a8e-abf4-a2c4b7740140,Peter ,argentalks@gmail.com,5.00,Zeer attente en exacte…,Zeer attente en exacte probleemverhelping,"10.05.2023, 12:51"
rev-08214fc3-6509-4067-8f0e-9a79c0d5d3d2,Herman J. van Tilburg,herman.vantilburg@ziggo.nl,4.00,Goede,"Goede, snelle en vriendelijke behandeling","04.05.2023, 10:49"
rev-ed1caf1e-bdc6-4ebf-8e8a-32f750ffbe91,Christiaan ,besame1210@hotmail.com,4.00,Kwaliteit op maat ...,"Hele vriendelijke bediening, doen wat ze zeggen (soms met een beetje vertraging), werken heel netjes en zorgen ervoor dat het systeem perfect werkt!!!

Misschien handig als men een leenauto of e-bike ter beschikking zou hebben, zodat men in het mooie Sittard kan vertoeven gedurende de installatie.","03.05.2023, 12:01"
rev-110690ae-5861-416b-9c61-3372f47c617f,Guy Snijkers,snijkers.gmm@gmail.com,5.00,"Professioneel, enthousiast ... ","Dennis en Romy zijn personen die een no-nonsens aanpak hebben en appreciëren. Dit maakt dat alles vanaf het begin duidelijk is maar ook dat zij bij een vraag vanwege de klant open staan voor oplossingen en niet het creëren van een probleem nastreven. 
Beide zijn super enthousiast en heel erg professioneel. 
Mij zien jullie terug!!
Voor diegenen die dit lezen; Car Audio Limburg te Sittard = top","20.04.2023, 13:08"
rev-2f3f3eb5-83ad-4f28-bb31-6701645be20e,Hans Broeren ,h.broeren@ziggo.nl,5.00,Goede service,Goede service. En perfekte aflevering ,"17.04.2023, 17:23"
rev-8bb96107-c4d8-4667-b31e-d40cc98092f0,Marlena Hendrikx,marlena.hendrikx@gmail.com,5.00,Perfect,Perfect,"17.04.2023, 16:03"
rev-092d9ce7-bb0d-4d16-b242-c81d03522691,Rob Messchendorp,messchendorp@yro.nl,5.00,Vakkundig advies de eerste levering…,Vakkundig advies de eerste levering door mijzelf verkeerd geïnstalleerd en niet meer bruikbaar het artikel is voor de tweede keer opgestuurd met een leuke korting erop. En met deskundige begeleiding nu wel goed gegaan en dus uitermate tevreden. ,"14.04.2023, 17:01"
rev-dfc24071-8ba9-430e-9406-f02351c37256,Frits Janssen,gtmjanssen@hotmail.com,5.00,Alles oke,"Alles oke
Leuke mensen
Perfect afgehandeld ondanks enkele problemen
Zeer tevreden","22.03.2023, 14:15"
rev-0e9af6ba-f222-47d2-96e5-ecf5ead4d511,Luc  Horck,luc.horck@gmail.com,5.00,Absolute aanrader,Prima bedrijf: er worden vlot heldere en duidelijke afspraken gemaakt die gewoon worden nagekomen. De inbouw en afwerking zijn uitstekend. Tot nu toe ben ik ook zeer tevreden over de apparatuur op zich (touch screen met apparatuur en software voor Apple Car Play). Alles bij elkaar een absolute aanrader!,"11.02.2023, 15:25"
rev-ac2e03e8-16bb-47f1-a0db-79fa354c8115,Pim Van Leeuwen,pmvleeuw@gmail.com,3.00,Ben redelijk  tevreden met de nieuwe installatie,"Ben wel tevreden met de nieuwe installatie. Het traject er naar toe was minder prettig. In de eerste plaats duurde het erg lang voordat er een afspraak kon worden gemaakt. Moest al wel de heft vooruitbetalen. Na het eerste bezoek  ( ik moest ruim 300 km rijden,  kan het bedrijf niets aan doen) kon ik na ruim een uur onverrichte zaken weer naar huis. Was de juiste verloopstekker niet voorhanden.  Duurde lang voordat ik te horen kreeg dat de juiste stekker in huis was. Weer moeilijk een afspraak te plannen. 
Nu werk het apparaat goed maar start erg traag op. Ook verlies ik regelmatig de verbinding (bluetooth) De bedraade verbinding werkt bij mij niet (goed). Kan hem eigenlijk niet gebruiken. Ook lijk de antenne niet (goed) aangesloten (heb maar een enkele FM zender. (radio deed het wel goed op Radio1 bij het inbouwbedrijf)
Zou eigenlijk een keer langs moeten voor controle maar het is wat te ver.
Ben tevreden over de Carplay module die veel mogelijkheden biedt.
Al met al kan ik Car Audio Limburg best aanbevelen.
","08.02.2023, 13:29"
rev-083bb149-5bfa-4e94-bb29-ff955601a873,Jos Opreij,jos@opreij.nl,5.00,Nette inbouw,"Nette inbouw, achteruitrijcamera werkt uitstekend, subwoofer goed hoorbaar","25.01.2023, 10:36"
rev-d5a44b6b-b337-48fc-943e-3c88a9749721,Paul Hamaekers,ph78@live.nl,5.00,Goede prettige service,Goede prettige service. Goede up to date producten. Nette afwerking. Meedenkende mensen. Aanrader.,"19.01.2023, 11:49"
rev-aefd403b-4430-4888-b589-210f03a51aef,,roelkoeners@gmail.com,4.00,dienstverlening,"dienstverlening, goede uitleg , afspraken die worden nagekomen","17.01.2023, 14:57"
rev-484491d5-b9e7-4424-b14a-63dcc591758e,hans haacke,hans.haacke@skynet.be,5.00,Fijn en professioneel bedrijf,"De ontvangst was al zeer hartelijk. De auto werd direct naar binnen gereden en een nieuw gps systeem met nieuwe speakers geinstalleerd.
Alles perfect afgewerkt en de kwaliteit van alles is TOP !
Zeer aan te raden als u reparatie of zelfs nieuwe speakers of radio systeem wil.","17.01.2023, 14:57"
rev-e23cb666-c26a-4d37-85a3-3a7ba60e12a1,Maurice van Kuijk,maurice@lingtung.be,4.00,Alles was ok,"Alles was ok
Ben snel geholpen","17.01.2023, 14:29"
rev-b87b0008-7845-4958-97ec-c96e1ebeb38c,michael steffin,msteffin@home.nl,5.00,goede service en een snelle reactie,goede service en een snelle reactie ,"12.12.2022, 08:20"
rev-a3197299-46a2-4f9c-915a-db50a66e1e15,Ger Beckers,gerbeckers02@gmail.com,5.00,Duidelijke uitleg gekregen over de…,"Duidelijke uitleg gekregen over de werkzaamheden hoe de achteruitrijcamera zou worden geplaatst en wat er in het scherm te zien is. Ook is aangegeven dat er een extra module ingebouwd zou worden.
De werkzaamheden zijn conform de uitleg uitgevoerd.
Geen klachten hierover.","30.11.2022, 15:59"
rev-e4eaa54f-1554-4037-99f3-24172e350b22,Henry Hernandez,nadimhernandez@gmail.com,5.00,Super service!,"Super service!
Veel mogelijkheden op het gebied van auto audio en aanpassen naar moderne technieken en klant gericht. 
Gewoon doorgaan zou ik zeggen. ","02.11.2022, 09:46"
rev-20316eb7-60f4-4a2a-ab00-6a442b83c385,Nicola Lauriola,nico.lauriola@telenet.be,5.00,Vlotte samenwerking geleverde product…,"Vlotte samenwerking geleverde product en uitvoering zijn top 
Zeer betrouwbaar in de gemaakte afspraken en duidelijke communicatie. 
Proficiat doe zo voort","01.11.2022, 18:31"
rev-761cb6df-19b7-40ea-bdfd-399a9e99ea51,,imported_review_628694005@trustedshops.de,5.00,Een aantal weken geleden na ee…,"Een aantal weken geleden na een goede uitleg en advies van Dennis een BMW ANDROID 10.0 NAVI Z4 E89 besteld. Na ongeveer 3 weken was de bestelling binnen konden we een afspraak maken om het door Car Audio Limburg te laten monteren. Dennis heeft het naar mijn volle tevredenheid heel netjes ingebouwd en na een goede demonstratie en uitleg kon ik met Android auto tevreden naar huis. Bij het thuis instaleren van wat extra apps had ik een belangrijke app per ongeluk verwijderd waardoor Android Auto niet meer opstartte. Gelukkig wist Dennis, met weer wat extra uitleg, dit probleem snel op te lossen en geniet ik weer volop van mijn nieuwe systeem. Hartelijk dank voor de prima service.","22.10.2021, 02:00"
rev-d5ced31e-06b6-4993-8d55-bf6f584c84d0,,imported_review_9038776079@trustedshops.de,1.00,niet al te best,niet al te best,"12.10.2021, 02:00"
rev-4a798a1d-5fbc-4925-bb36-3d761988b6cf,,imported_review_2738884119@trustedshops.de,4.00,"Goeie Service , vriendelijk . …","Goeie Service , vriendelijk . Zeker aan te raden","14.08.2021, 02:00"
rev-a456362a-62f6-4cbc-80cb-839b303e7ee5,,imported_review_9234010447@trustedshops.de,5.00,Het is een goed begin en je ku…,Het is een goed begin en je kunt als krijgen,"04.08.2021, 02:00"
rev-f5d6ccce-3272-4a31-a07e-cf38dc27ee3e,,imported_review_7585712845@trustedshops.de,4.00,In eerste instantie een autora…,"In eerste instantie een autoradio willen bestellen, helaas was het juiste model er niet meer. Dit werd pas gecommuniceerd nadat ik al had betaald. Het aanbieden van een alternatieve autoradio was echter een prima voorgestelde oplossing. Helaas kwam deze achteraf toch niet helemaal overheen met de wensen die ik wel eerder had beschreven. Nadat ik dit beargumenteerd heb aangegeven is er echter wel meteen gehandeld en heb ik alsnog een autoradio ontvangen die voldeed aan mijn verwachtingen. Kortom, een wat stroever begin, maar een goed verzorgde verwerkingen van de feedback. Uiteindelijk blij met mijn nieuwe radio en de geleverde service!","04.08.2021, 02:00"
rev-aa5cab83-b08e-4be3-b00d-d7bc9a487d0f,,imported_review_2425218939@trustedshops.de,3.00,Speakers besteld voor mijn aut…,"Speakers besteld voor mijn auto, deze heb ik tot opheden nog niet mogen ontvangen. Nadat ik hier over gebeld heb, werd er gelukkig wel vriendelijk met mij meegedacht. Ik moet een aantal dagen wachten zodat Car Audio Limburg kan uitzoeken wat hier verkeerd gegaan is.   Ik ben dus nog in afwachting van het onderzoek. Verder kan ik er nog niet veel over zeggen. Word vervolgt.","29.07.2021, 02:00"
rev-861f797d-3a45-487d-b805-89524fff957c,,imported_review_9869113537@trustedshops.de,1.00,Slecht,Slecht,"25.07.2021, 02:00"
rev-7ee900a2-23ee-4263-a629-bc54819c9ebe,,imported_review_3762345689@trustedshops.de,5.00,Perfecte HD Camera na het zetj…,"Perfecte HD Camera na het zetje in de rug!!!  Na de inbouw van het Android 10.0 scherm, zie review iets verder..... deze onlangs uitgebreid met de ""Universele HD Camera"". Dit is een oerdegelijke HD camera met metalen behuizing en makkelijk in te bouwen en de bekabeling is mooi weg te werken en geheel uit het zicht. Ik zie de gehele achteromgeving inclusief de bumper dus kan tot op de centimeter nauwkeurig achteruit rijden. Aangezien ik al OEM parkeersensoren had die automatisch mijn nieuwe Android scherm triggerde, waren de trigger draden aansluiten van de camera niet nodig. Alles werkt nu perfect en de bevriezing/vertraging die ik in mijn vorige review beschreef, is helemaal over door het geheel verwijderen van de bekabeling naar de oude Harman navigatie unit, deze verstoorde de besturing van de idrive control omdat die nog via de Harman liep. Nu kan ik het Android scherm eindelijk vliegensvlug bedienen zonder haperingen die ik eerst had, maar nogmaals dit kwam door de aftermarket navigatie die in mijn auto was gebouwd en deze heb ik nu toch niet meer nodig. Ik kan nu kiezen uit TomTom, Waze, Google maps en vele andere.  Nogmaals heel blij met het zetje van Dennis die ik nodig had!!!!!","30.06.2021, 02:00"
rev-e5b27323-15d8-4665-a0f8-23d6bec0ab0b,,imported_review_6233634445@trustedshops.de,5.00,Zeer grote aanrader!  Enkele j…,"Zeer grote aanrader!  Enkele jaren (2015) geleden een Android radio aangeschaft via Car Cudio Limburg. Deze gaf vorige week een storing, dus heb ik gebeld met Dennis. Ik werd direct geholpen met een update en daarbij duidelijke uitleg. Na de update is de radio weer als nieuw! Enorm bedankt Dennis en Car Audio Limburg.","28.06.2021, 02:00"
rev-b3a903a1-754f-4ce3-8dae-f612a5994dff,,imported_review_461378970@trustedshops.de,5.00,Had even een zetje nodig.  Vor…,"Had even een zetje nodig.  Vorige week een BMW ANDROID 10.0 NAVI 2 SERIE (NBT) aangeschaft ter vervanging van het OEM Display. Echter bij de voorbereiding bleek er een Harman Navigatie kastje te zijn ingebouwd en deze was gemonteerd in mijn Dashboard kastje. De bekabeling was dus net even anders dan ik had verwacht en de twijfel sloeg toe, gaat het werken? En kan ik het dan nog wel terugsturen.  Na enige steun en whatsapp contact met Dennis heb ik doorgezet, door het alsnog voorzichtig in te bouwen. Mocht het dan toch niet werken, dan mocht ik het retouren. Gelukkig het werkte, maar moest nog wel wat aanpassingen doen omdat de Display NBT kabel van de Car Radio via het Harman kastje naar de Android Display liep. Nu rechtstreeks van Car Radio naar Android Display. Anders werkte mijn Auto specifieke menu niet en kreeg ""No Signal"" terwijl de beeldscherm instellingen goed stonden.  Mijn iDrive control werkt redelijk, maar soms wat bevriezing van enkele seconde. Ook doordat er nog een kabel naar het Harman kastje loopt en als ik deze eruit trek dan werkt de iDrive Control helemaal niet meer. Dus er toch maar weer ingestoken.  Al met al een mooie unit en ben er blij mee ondanks de kleine tegenslagen waar Car Audio overigens niets aan kan doen. Dennis nog bedankt voor je hulp op je vrije vrijdag avond!!!!  Nu nog kijken voor een Rear camera als aanvulling!!!","03.06.2021, 02:00"
rev-0ead8e38-5835-4380-9c61-59e40c7c6d57,,imported_review_9936920205@trustedshops.de,5.00,Car Audio Limburg medewerkers …,"Car Audio Limburg medewerkers Sittard Verkopers tevens Installateurs : ? Dennis ? Remy Telefonische planning,afspraken,begeleiding : ? Romy Bij deze weer bedankt voor de super service en afwerking van de 2e fase Nissan 350Z nieuwe inbouw update Audio Versterkers, Processor en de daarvoor nieuwe aangepaste speakers voor deze versterkers. Tevens ook de perfecte uitgezochte mogelijkheden, voor de inbouw van al deze componenten in mijn Nissan 350Z. Het geluid is geniaal super !! Deze update Audio met de combinatie mogelijkheid Radio-Navi Alpine INE-F904D is perfect, want deze is in de 1e fase 2020 ingebouwd en is een ook aanrader voor Nissan 350Z rijders. Dit project was een prestigeproject voor  Car Audio Limburg waar zei een ruimte van tijd voor kregen van mij, om de best mogelijk combinatie qua inbouw te halen, om de perfectie te benaderen. Want de Bose speakers en versterker, filters in de Nissan 350Z was wel achterhaalt naar een Bouwjaar van 2003. Dus Nissan 350Z rijders, als jullie ook van een perfectie houden voor de beste combinatie update Audio installatie voor de Nissan 350Z Maak dan een afspraak bij Car Audio Limburg en laat je verassen door de mogelijkheid foto’s tijdens de inbouw van mijn complete update Audio Nissan 350Z !!  Car Audio Limburg weer mijn dank, voor dit uitstekende eindresultaat totale Audio update voor mijn Nissan 350Z !!  Groetjes Jan","29.04.2021, 02:00"
rev-3bae98e4-d87e-41e3-85d6-942e2de60ff7,,imported_review_4939574366@trustedshops.de,5.00,"Supervriendelijk, super profe…","Supervriendelijk, super professioneel!  Focal es165kx2 in de deuren en versterkt door fpx2.750. Focal es25kx2 in de kofferbak versterkt door de fpx4.800. Wat een mooi gebalanceerd geluid!! Dank je wel!!","26.04.2021, 02:00"
rev-5277835e-4636-49e2-ae7a-27033cd4e2af,,imported_review_9572013275@trustedshops.de,4.00,Is allemaal goed verlopen,Is allemaal goed verlopen,"20.04.2021, 02:00"
rev-735b1a6a-bada-485e-a3ea-2fe178f9a9e1,,imported_review_6466919910@trustedshops.de,1.00,Ik ben zeer teleurgesteld over…,Ik ben zeer teleurgesteld over de manier van inbouwen van mijn dab-Navi radio slecht gemonteerd met een beetje siliconekit en zat links onder niet vast onderweg naar huis hing de radio al half los en het ontvangst weg geen signaal meer via satelliet,"23.03.2021, 01:00"
rev-4feadb4c-aa16-4093-a577-99916802dc9e,,imported_review_7459493527@trustedshops.de,5.00,Goed product. Afhalen mogelijk…,Goed product. Afhalen mogelijk in Coronatijd,"21.02.2021, 01:00"
rev-a910ffea-47eb-4622-9167-039ad3c388d9,,imported_review_9456353399@trustedshops.de,5.00,Goede raad en snelle feedback …,Goede raad en snelle feedback gekregen bij de keuze en aankoop van radio Pionier DAB +,"15.02.2021, 01:00"
rev-c68c6902-4e56-4c5a-8216-0a54ecf5b9ef,,imported_review_3336852073@trustedshops.de,5.00,"Super, snelle levering juiste …","Super, snelle levering juiste afhandeling.","06.02.2021, 01:00"
rev-59c8e8ab-e07d-46aa-b908-c8988ab7f644,,imported_review_5974435959@trustedshops.de,5.00,Vandaag een Upgrade laten uitv…,"Vandaag een Upgrade laten uitvoeren. Focal speakers erin laten zetten. Superstrak geluid, geen trillingen en resonanties of andere irritante bijgeluiden, doordat het geweldig ingebouwd is!!","02.02.2021, 01:00"
rev-97022797-6522-4bf3-98df-767799452d9a,,imported_review_795030890@trustedshops.de,5.00,"Professioneel, vriendelijk.","Professioneel, vriendelijk.","03.12.2020, 01:00"
rev-400bb203-716f-49dd-a5cb-155416eb01dd,,imported_review_9008503235@trustedshops.de,5.00,Vanmorgen terug geweest met mi…,Vanmorgen terug geweest met mijn Parrot MBi9200. Super geholpen! Aftersales is dik in orde!!,"22.10.2020, 02:00"
rev-1ebf7a3f-dcc4-417c-971e-7937e3fcd4a3,,imported_review_1943854222@trustedshops.de,5.00,Geweldige service na probleem …,Geweldige service na probleem met achteruitrij camera in mijn Audi. Gewoon nieuwe kabels en camera. Petje af.,"29.09.2020, 02:00"
rev-2a38afb4-b572-499c-9b63-cd34bbf6c63c,,imported_review_6302224464@trustedshops.de,5.00,Perfecte bedrijf,Perfecte bedrijf,"25.09.2020, 02:00"
rev-ddc32ad8-2c8f-46be-80c2-9cc11b11a7b2,,imported_review_2300618816@trustedshops.de,5.00,alles snel en goed geleverd,alles snel en goed geleverd,"22.09.2020, 02:00"
rev-fde9f72e-3944-486e-8c04-eb70c2d0833f,,imported_review_471622134@trustedshops.de,5.00,Vriendelijke medewerkers en to…,Vriendelijke medewerkers en top service!!,"21.09.2020, 02:00"
rev-bb6ce00d-c05f-4d02-8937-30eb379363c3,,imported_review_1979726378@trustedshops.de,4.00,Super resultaat vriendelijk en…,Super resultaat vriendelijk en duidelijk geholpen..gewoon super.,"18.09.2020, 02:00"
rev-299fd80b-5021-4d6e-b05d-582c7cc8c8c8,,imported_review_2310586225@trustedshops.de,5.00,Een goed service,Een goed service,"12.09.2020, 02:00"
rev-9eec7997-4c46-4411-80e4-7146e27e421a,,,5.00,Vlotte afhandeling,Vlotte afhandeling,"01.09.2020, 02:00"
rev-58d5809a-5098-4c0b-af6f-0bef9df2407c,,,5.00,Zeer goed,Zeer goed,"30.08.2020, 02:00"
rev-2ca4c696-6a42-4762-80f5-39690feb21df,,,5.00,Geweldig,Geweldig,"29.07.2020, 02:00"
rev-93dfaf8e-6b4e-43cb-8a2d-8d004f19edab,,,4.00,"Prima info, aandacht voor de k…","Prima info, aandacht voor de klant","28.07.2020, 02:00"
rev-ad3c1a49-4f50-4fa4-92f5-b723df147b1d,,,4.00,Volgens afspraak geleverd.,Volgens afspraak geleverd.,"21.07.2020, 02:00"
rev-d718c615-9e96-4435-8b2f-9b14565a15cd,,,5.00,Zeer tevreden!,Zeer tevreden!,"09.07.2020, 02:00"
rev-525e96c2-1a1a-46b6-b63a-58bb2e5c1d24,,,5.00,Zeer vakkundig,Zeer vakkundig,"04.07.2020, 02:00"
rev-222d94c0-04e0-4b93-8add-db9038feff0f,,,5.00,Goede service. Mensen zijn kun…,Goede service. Mensen zijn kundig en netjes.,"27.05.2020, 02:00"
rev-49193321-7454-42c8-8132-d1e118959fdc,,,4.00,goed,goed,"18.05.2020, 02:00"
rev-4da99b35-d56c-4ef7-b525-a78c23c2828e,,,5.00,Mooi systeem gekocht bij www.i…,"Mooi systeem gekocht bij www.inbouwnavigatie.com. Maar door de behoorlijk slechte service en asociale behandeling van www.inbouwnavigatie.com zijn we uiteindelijk bij Car Audio Limburg terecht gekomen. Zij hebben ons op en top geholpen en gezorgd dat ons systeem uiteindelijk draait! Top service, deze mensen weten waar ze het over hebben! Dus Koop nooit je spullen bij www.inbouwnavigatie.com, hele slechte ervaring mee!","04.05.2020, 02:00"
rev-e0143a62-d97a-4a03-aaab-e4acb00e244d,,,4.00,In orde.,In orde.,"01.05.2020, 02:00"
rev-860c5219-3ffa-4146-837a-bf21711d4233,,,5.00,Ze doen echt alles om jouw zin…,Ze doen echt alles om jouw zin laten in vervulling te laten komen echt een top bedrijf doet zo verder en ik ga binnen kort terug bestellen hahaha,"21.04.2020, 02:00"
rev-4d56ad19-8562-4f4a-974c-b56ae318b3dc,,,3.00,Goed. Door de coronaklachten d…,"Goed. Door de coronaklachten duurde mijn bestelling alleen geen 6-10 dagen, maar op de kop af 2 maanden. Verder prima service","17.04.2020, 02:00"
rev-47f52919-53a6-413b-b174-af14886284e9,,,5.00,Zeer goed en snel in levering,Zeer goed en snel in levering,"31.03.2020, 02:00"
rev-1e206a1c-82e5-4119-8270-1f68fc439b7f,,,5.00,"Hallo Dennis, Wat ben ik blij …","Hallo Dennis, Wat ben ik blij dat mijn oude autoradio de geest heeft gegeven. Super blij ben ik met mijn nieuwe Android radio, helemaal top. Het heeft even geduurd i.v.m. het corona virus, maar het was het wachten waard. Ben erg tevreden over Car Audio Limburg. Groeten uit Brabant , Henk","13.03.2020, 01:00"
rev-b8c436cd-bd3f-4a98-ad5d-53b394a3166a,,,4.00,Verzenden duurde wat lang maar…,Verzenden duurde wat lang maar kwaliteit van de speakers uitstekend,"09.03.2020, 01:00"
rev-9edd7543-8fa2-4202-9cf1-fff1d8a425fe,,,5.00,Probleemloos een afspraak gema…,"Probleemloos een afspraak gemaakt nadat een gemonteerde achteruitrijcamera in mijn Audi niet meer goed functioneerde. Het euvel werd snel ontdekt en verholpen: geen kosten, viel onder de garantie. Goede service hoor !","07.02.2020, 01:00"
rev-4bea9fa8-0016-478f-b21d-b5b2440d12ba,,,4.00,Goed materiaal en service,Goed materiaal en service,"03.02.2020, 01:00"
rev-0f19cd18-fb87-4f07-b185-36a6efdf1492,,,4.00,"Snelle verzending, goed verpak…","Snelle verzending, goed verpakt. Een 'verzonden' mail zou handig zijn!","22.01.2020, 01:00"
rev-2a4dcaf7-edd4-40be-b2fc-f412c33c86ec,,,5.00,kabelset besteld netjes geleverd,kabelset besteld netjes geleverd,"15.01.2020, 01:00"
rev-83437856-fbcb-4161-9f9c-47ffd1247b4f,,,4.00,snelle levering en scherpe prijs,snelle levering en scherpe prijs,"14.12.2019, 01:00"
rev-620901ed-0086-41e9-b8ac-26c267de71f4,,,5.00,Goed bedrijf en service,Goed bedrijf en service,"13.12.2019, 01:00"
rev-5ef7bcba-138d-4adb-a49d-07533d8fa667,,,4.00,"Goed, prima communicatie","Goed, prima communicatie","21.11.2019, 01:00"
rev-6ab43e98-4492-4bfa-8e7b-336d2616e3ab,,,4.00,Jammer genoeg voldeed het mult…,"Jammer genoeg voldeed het multimedia systeem dat ik eerst gekocht had niet: bellen was een ramp, voortdurende ruis, piepjes. Na enkele pogingen dit te verhelpen die helaas geen verbetering brachten, is er in overleg een ander systeem geplaatst, wat prima werkt. Dit kostte mij helaas geld, maar ik ben blij met de geboden service en het meedenken aan een oplossing.","12.11.2019, 01:00"
rev-50a72cae-0a7b-4f90-aafe-12800e6e2864,,,1.00,erg traag met levering ander h…,erg traag met levering ander halve maand tot twee maanden wachten en dan zeggen hij wordt geleverd over 5 dagen en na die vijfdagen mail gestuurd waar het blijft krijg je een mail terug vrijdag wordt hij geleverd en weer niets en dan geen gehoor of bericht en dan na bijna twee maanden later ja u parket wordt geleverd de rekening was er nog sneller met de aanmaning kosten van achter pay dat is eerst je parket ontvangen en daarna betalen maar ja geen parket dus betaal ik ook niet dus weer gezeik voor mij nee niet meer,"30.10.2019, 01:00"
rev-e1dc423c-5519-4842-a43a-8f75ed7afad9,,,5.00,Zeer deskundig. Zowel inbouw …,Zeer deskundig. Zowel inbouw als informatie en uitleg van het systeem. Werkt perfect. Bedankt,"26.10.2019, 02:00"
rev-205b0609-d409-48e0-be28-6794f42a25db,,,5.00,Goed,Goed,"22.10.2019, 02:00"
rev-7e8e5bf3-0132-45f0-bc84-806ce5f70740,,,4.00,Ondanks de later levering toch…,Ondanks de later levering toch erg blij met de geleverde apparatuur,"22.10.2019, 02:00"
rev-a067b33e-4391-45f4-a2fc-6b0b3e088d18,,,5.00,Dennis bedankt met je team voo…,Dennis bedankt met je team voor je super service en mee denken aan oplossingen die wij van te voren niet voor ogen hadden en nu er super blij mee zijn,"10.10.2019, 02:00"
rev-f4458850-63af-460b-bbdc-592b1517d45c,,,5.00,Dennis en zijn team hebben top…,"Dennis en zijn team hebben top werk geleverd. Ik ben zeer blij met het Android systeem in mijn 2004 Mercedes CLK Cabrio. Ik heb veel auto's gereden en ook nieuwe navigatiesystemen gehad, maar uiteindelijk navigeerde ik vaak toch gewoon met Google Maps op mijn telefoon. Dat is nu ingebouwd in mijn auto. In de middenconsole is een draadloze oplader voor mijn Samsung S9. Fijne oplossing en zeer vakkundig en mooi ingebouwd zonder dat dit verder zichtbaar is.","04.10.2019, 02:00"
rev-11094007-cc9c-44d9-bfd2-9661b3350a0c,,,5.00,Top advies! Perfecte service &…,Top advies! Perfecte service & een geweldig speakersysteem! Een echt ‘UP’ grade voor mijn VW,"26.09.2019, 02:00"
rev-c927fdaf-39d4-47ed-b73c-c185de234c1a,,,4.00,Uitstekende vakmensen. Keurig …,"Uitstekende vakmensen. Keurig ingebouwd, alle functies doen het.","23.09.2019, 02:00"
rev-e1ce1564-8a93-45e1-a108-f6ab6c575c40,,,4.00,Het pakje is goed bezordt alle…,Het pakje is goed bezordt allen ik heb lang voor moeten wachten,"17.09.2019, 02:00"
rev-62afcb80-17c2-4d81-a27a-2a2b749d6cc6,,,5.00,Geweldige service. Zeker aan t…,Geweldige service. Zeker aan te raden. Zefs dienst na verkoop is zeer goed.,"13.09.2019, 02:00"
rev-2ea2a3c7-ca55-4ddb-86d7-a72c1ba8a897,,,5.00,Super fijne en eerlijke zaak o…,"Super fijne en eerlijke zaak op een nieuwe locatie, waar keuze voor ieders portemonnee is op het gebied van oa. Car audio. Kan uit persoonlijke ervaring melden dat de service uitmuntend is.","11.09.2019, 02:00"
rev-b5ac16e4-9dcf-4f95-838b-f2b8a661dd67,,,3.00,Communicatie over de bestellin…,Communicatie over de bestelling kan veel beter. Met name over de verzending en bevestiging van de bestelling. Het product is zeer naar wens.,"10.07.2019, 02:00"
rev-58b64197-3be5-40f7-a539-35927233e31f,,,5.00,Top!,Top!,"09.07.2019, 02:00"
rev-8066b6b8-468c-43d7-9281-0a64eb610845,,,5.00,Naar aanleiding van de bestell…,"Naar aanleiding van de bestelling van een navigatiesysteem, telefonisch contact gehad met dit bedrijf. Hierin ben ik uitermate vriendelijk te woord gestaan en het personeel denkt prima mee met de klant.","20.06.2019, 02:00"
rev-21fb8545-fbb6-408d-8124-01fed5777ae7,,,3.00,"Audio is goed .groot scherm , …","Audio is goed .groot scherm , vele mogelijk heden .wel door een herkend garage laten inbouwen .ik mis een Nederlandse beschrijving","19.06.2019, 02:00"
rev-531a9401-cda3-4abe-aa08-84a747960f36,,,5.00,Aftermarket Android 8.1 bestel…,"Aftermarket Android 8.1 besteld voor Opel Insignia en zeer tevreden over Car Audio Limburg. Bestelling was binnen 6 werkdagen verzonden, netjes verpakt incl retour formulier en zelfs een kortingscode.  Zeer zeker aan te bevelen!!","01.03.2019, 01:00"
rev-277d9ebd-9c1c-46c0-a359-a7719e693591,,,5.00,CAL-K7848 radio navigatie 2 DI…,"CAL-K7848 radio navigatie 2 DIN specifiek voor Mitsubishi Outlander 2007-2012 online gekocht. Tevoren mailcontact met Dennis gehad. Heeft vragen netjes en snel beantwoord. Systeem werd goed verpakt en compleet geleverd. Inbouwinstructie ontbrak, maar wees zichzelf. Prima ervaring met dit bedrijf dus.","18.12.2018, 01:00"
rev-454b206b-955e-468c-817f-0636dd8dd26d,,,5.00,"alles correct geleverd , zelfs…","alles correct geleverd , zelfs 2 dagen vroeger dan verwacht","16.12.2018, 01:00"
rev-ed5b344c-84cd-4422-9e94-48d7794a3921,,,5.00,Hulpvaardig en duidelijk. Snel…,Hulpvaardig en duidelijk. Snelle levering en goede spullen. Ze doen wat ze beloven.,"13.11.2018, 01:00"
rev-33b4d825-c477-4b33-ad19-1a5f4be374dd,,,5.00,Tot op heden goed geholpen met…,Tot op heden goed geholpen met telefonische vragen. Vriendelijk en men word niet afgescheept .,"16.09.2018, 02:00"
rev-7b1438d6-ca71-4081-8bc5-058406bf11a4,,,4.00,Bestelde goederen zijn vlot ge…,Bestelde goederen zijn vlot geleverd.,"09.08.2018, 02:00"
rev-d6cb12fb-2d16-4958-988d-3ee24e93c8e4,,,5.00,"Goede prijs, kwaliteit verhoud…","Goede prijs, kwaliteit verhouding. radio/navigatiesysteem doet precies wat het moet doen. Goede productomschrijving op de website.","17.07.2018, 02:00"
rev-8ca4fb9a-8b87-469f-ab34-450afb41817f,,,2.00,hallo  op 31 mei heb ik bestel…,"hallo  op 31 mei heb ik bestelling gedaan (Bestelling #176165 (31 mei 2018)) maar het product kon ik onmogelijk aansluiten op mijn wagen en stuurde ik mail met de vraag wat te doen .ik kreeg antw we gaan het uitzoeken , kreeg niks nieuws terug tot ik probeerde te bellen maar geraakte niet binnen en dan heb ik via whassap contact opgenomen met de zelfste vraag maar tot op heden word ik blijkbaar aan het lijntje gehouden waarom weet ik niet ik stuur en vraag of ze al meer nieuws hebben ze lezen het en krijg dan bvb 2 dagen later antw. we gaan het morgen uitzoeken nu 1 maand later weet ik nog altijd van niks en stuur ik bericht via whassap word het gelezen maar krijg ik geen antw erop. ik vertrek op 13 julie 2018 op reis en wil graag weten of er oplossing is ofniet dan kan ik het pakket terug sturen indien graag antw terug please mvg Sonny Plowy 0032477262954","12.07.2018, 02:00"
rev-a987be3a-1726-4cb5-9253-be8b77bf2c4f,,,5.00,"zeer vriendelijk,correct.zeer …","zeer vriendelijk,correct.zeer goede producten.heel te vreden.","27.06.2018, 02:00"
rev-56e03358-bc12-4405-9d37-615a047ddb37,,,4.00,Na ontvangst van mijn bestelde…,Na ontvangst van mijn bestelde apparaat bleek deze het niet te doen zoals het zou moeten. Nadat ik hem heb teruggestuurd is deze supersnel gerepareerd en weer teruggezonden. super service!,"14.06.2018, 02:00"
rev-61e8e451-4f9b-490f-b396-77bf267c2e68,,,5.00,Hebben bij bestelling een fout…,"Hebben bij bestelling een foutje gemaakt ( foute postcode en gemeente ). Pas gemerkt toen de melding kwam dat het pakket niet geleverd kon worden. Nieuw adres gemaild en gebeld, zeer vriendelijk onthaald en vlot geholpen. Pakket is natuurlijk wel wat langer onderweg geweest, maar dan hadden we bij de bestelling een beetje beter moeten opletten.","14.06.2018, 02:00"
rev-868add95-d6fb-4def-9b0f-2d0f821b9d9e,,,5.00,"Klantvriendelijk, goed bereikb…","Klantvriendelijk, goed bereikbaar en geven goede informatie over producten.","07.06.2018, 02:00"
rev-d0f44782-f31c-46a4-9022-937cfa9964d5,,,5.00,Ben het bedrijf tegengekomen o…,Ben het bedrijf tegengekomen op het internet. En bij hun betaald je het goedkoopste toestellen voor je auto. Heb bij hun contact opgenomen ivm mijn bestelling en had vlot een antwoord. Ze waren ook heel vriendelijk. Met de feestdagen heeft het allemaal wel wat langer geduurd maar heb het zeergoed en onbeschadigd ontvangen.,"24.05.2018, 02:00"
rev-30710d4e-fa5e-434b-8b37-2ea49c550cf9,,,5.00,Snelle levering goede service …,Snelle levering goede service en mensen zijn super vriendelijk dus zeker een aanrader,"16.05.2018, 02:00"
rev-6d7b8a37-8c88-4753-8457-268673fcd7b7,,,5.00,Netjes op tijd geleverd en goe…,Netjes op tijd geleverd en goede service,"12.05.2018, 02:00"
rev-200c108b-9962-41e4-9b2e-c2b664a02911,,,5.00,Goed geholpen spullen waren sn…,Goed geholpen spullen waren snel binnen reageer altijd op mails,"17.04.2018, 02:00"
rev-ad7289c0-76ef-4672-aa0e-5563cea22128,,,4.00,Zeer goede uitleg  Juiste navi…,Zeer goede uitleg  Juiste navigatie voor mijn auto Met zeergoede pasvorm,"13.04.2018, 02:00"
rev-9ad4de10-fa32-4c99-b2c3-065a22721de0,,,5.00,Goede service en nemen de tijd…,Goede service en nemen de tijd voor je,"10.04.2018, 02:00"
rev-4dd2d802-0afa-437d-9cc6-b845c3bb26eb,,,2.00,Niet zo goed eigenlijk. Ik wac…,Niet zo goed eigenlijk. Ik wacht nu bijna drie weken op een bestelling. Misschien moet u dit eens nakijken en mij eens laten weten hoe dit komt. WC-18270. Groeten Tom,"04.04.2018, 02:00"
rev-9423ed25-56c1-4edb-b489-13434f413818,,,5.00,Ik had een bestelling geplaats…,Ik had een bestelling geplaatst bij Car Audio Limburg en van de bestelling tot levering was alles perfect verlopen.Ook daarna werd alle tijd genomen om mijn gekochte versterker van uitleg te voorzien hoe het een en ander in te kunnen stellen.,"30.03.2018, 02:00"
rev-f52cdb64-73a0-4409-98f7-675922f031c4,,,4.00,Na een fout bij het transport …,"Na een fout bij het transport bedrijf is alles direct rechtgezet waarvoor dank, professionele en vriendelijke communicatie.","30.03.2018, 02:00"
rev-e7c087e6-aa70-4e98-9fee-182e26cf60e1,,,4.00,"Goede service, prima bedrijf","Goede service, prima bedrijf","16.02.2018, 01:00"
rev-3b831a80-def6-4d97-b720-aa7b1a9d0081,,,5.00,"Snelle levering, alles overzic…","Snelle levering, alles overzichterlijk en duidelijk TOP","16.02.2018, 01:00"
rev-b1f1ad46-afe1-4a84-826d-1632fd18db03,,,5.00,"Goede uitleg over product, and…","Goede uitleg over product, android navigatie( passend voor Toyota Avensis 2005) werkt prima met uitgebreide mogelijkheden. Overname stuurbediening werkt uitstekend, voor elke knop kan een functie naar eigen inzicht toegewezen worden. Snelle reactie op vragen per mail.","02.02.2018, 01:00"
rev-b453bd6d-0ec5-4d09-9602-5a27cd97df84,,,5.00,Goede communicatie en super se…,Goede communicatie en super service,"25.01.2018, 01:00"
rev-652abf05-55e1-4750-973f-7efaa8a9f8ce,,,5.00,Zeer vriendelijke behandeling.…,Zeer vriendelijke behandeling. Goede service.,"30.11.2017, 01:00"
rev-bae60f66-0a12-437d-9156-4414e5eb71bf,,,5.00,heel goede ervaring,heel goede ervaring,"16.10.2017, 02:00"
rev-bca72456-be63-479e-b443-67226da30e24,,,5.00,Onlangs een 7inch ' in dash' a…,"Onlangs een 7inch ' in dash' android autoradio/navigatie gekocht... Vanaf de bestelling tot aan de levering in een woord perfect. Ook nadien nog eens gebeld voor info over het installeren van de navigatie, en ook hier werd ik op een vriendelijke en begrijpelijke manier te woord gestaan.. En...niet onbelangrijk...het product was ongeveer 250 euro goedkoper als de concurrentie.. Al met al een prettige koop ervaring.","12.10.2017, 02:00"
rev-8ae93ba5-1912-4733-be72-05c4baf16862,,,5.00,Prima geholpen; een aanrader!,Prima geholpen; een aanrader!,"11.10.2017, 02:00"
rev-8393f075-f5b1-43d1-9b4a-d37617d2398c,,,5.00,Leuk en behulpzaam personeel d…,Leuk en behulpzaam personeel die mij voorzag van het juiste advies wat betreft mijn auto audio. Alle producten waren vrij makkelijk aan te sluiten en de combinatie klinkt tot op heden fantastisch. Nogmaals bedankt.,"11.10.2017, 02:00"
rev-61692004-0d64-42eb-80a9-73a4c37298e2,,,5.00,"Zeer vriendelijke, behulpzame …","Zeer vriendelijke, behulpzame en sympathieke eigenaars.","11.10.2017, 02:00"
rev-a25c746f-d226-41ee-a6df-4ab6963d210d,,,4.00,prima service,prima service,"11.10.2017, 02:00"
rev-5be32a12-138b-4723-a138-8ba7d17c9546,,,4.00,"Goede info verkregen, snelle l…","Goede info verkregen, snelle levering","11.10.2017, 02:00"
rev-02bd6ed0-5ee9-405a-9d9e-4726cc0b459d,,,4.00,vriendelijke ontvangst bij de …,"vriendelijke ontvangst bij de eerste ontmoeting, voldoende uitleg ivm de voorgestelde aankoop.","11.10.2017, 02:00"
rev-1cc5e049-a132-469b-89eb-7ca84e6f4ac6,,,5.00,Zeer tevreden en afspraken goe…,Zeer tevreden en afspraken goed nagekomen.,"11.10.2017, 02:00"
rev-428bb229-805a-4ade-853c-58aa95b46a94,,,5.00,Ondergetekende heeft bij Car A…,"Ondergetekende heeft bij Car Audio Limburg een navigatiesysteem + speakers laten inzetten.  Dit is conform afspraak uitgevoerd. Alles werkt perfect! Service en uitvoering werkzaamheden zijn perfect te noemen.  Prijs kwaliteit is perfect!  Bedankt voor de goede hulp,  Mvg,  Paul Bouts","11.09.2017, 02:00"
rev-29a69676-3757-4ba9-9822-51f0d788b2c5,,,5.00,Bedrijf heeft mij nadat ik de …,Bedrijf heeft mij nadat ik de bestelling heb geplaats contact met mij opgenomen. Ze hebben mij toen een nieuwere model aangeboden voor de zelfde prijs.. uitstende service. 10 sterren!,"02.09.2017, 02:00"
rev-2a38497f-1cc0-47f6-9987-5b38314e0563,,,2.00,"2 keer gebeld, zou 2 keer teru…","2 keer gebeld, zou 2 keer teruggebeld worden. 2 keer niet teruggebeld.","31.08.2017, 02:00"
rev-a289dea6-25f2-4c88-949a-2c113d11e564,,,1.00,Rommel verkopen ze,Rommel verkopen ze,"31.08.2017, 02:00"
rev-3e99dd0b-93a6-4395-b3d0-d6163f6c08f2,,,2.00,Bedrijf is redelijk alleen rad…,"Bedrijf is redelijk alleen radio dat gekocht zijn we absoluut niet over te spreken,","31.08.2017, 02:00"
rev-73d28a2a-21a7-46fd-9ceb-2f9f465f92cf,,,5.00,Positief,Positief,"28.08.2017, 02:00"
rev-cd6707b6-da00-4de4-a147-2f7fc8ba1ac4,,,4.00,Goed prijs-kwaliteit verhouding,Goed prijs-kwaliteit verhouding,"24.08.2017, 02:00"
rev-b1c1c9e9-3f11-41a9-95c3-179209851ed0,,,5.00,Heel goed en goede service,Heel goed en goede service,"24.08.2017, 02:00"
rev-02d7bee8-71c8-4e25-b118-520f85e55c53,,,4.00,snelle service  en zeer correc…,snelle service  en zeer correct behandeld,"24.08.2017, 02:00"
rev-5a7e221c-0c41-4257-8412-08fb4893073e,,,5.00,Zeer goed,Zeer goed,"24.08.2017, 02:00"
rev-d1011911-2737-4a99-a8bc-b2e887470ab1,,,5.00,Zeer goed,Zeer goed,"24.08.2017, 02:00"
rev-a82f7632-26b2-4636-b84d-7c7da3c4c03b,,,4.00,Goed,Goed,"24.08.2017, 02:00"
rev-a29b40d2-0098-4ed4-8a6b-72e326d2d49c,,,5.00,Een keer langs gegaan omdat mi…,"Een keer langs gegaan omdat mijn zelf ingebouwde autoradio kraakte. Storing snel en zeer vakkundig opgelost. Vorige eigenaar had een potje van de bedrading gemaakt. CAL wilde er niks voor rekenen maar heb een ""fooi"" gegeven voor de goede service. Toptoko!","23.08.2017, 02:00"
rev-3abdd9cc-a272-4ff6-b684-d5e90f679f79,,,5.00,Radio android voor mijn merced…,Radio android voor mijn mercedes besteld en laten plaatsen heel volgens afspraak inlaten bouwen 100% tevreden bij car audio limburg Albert,"23.08.2017, 02:00"
rev-139bb8fb-44c0-4ba4-8650-684e87469df0,,,5.00,"Goede communicatie, montage en…","Goede communicatie, montage en aflevering.","23.08.2017, 02:00"
rev-064ca18c-dd8b-46ed-b577-1822dd8bc9e6,,,5.00,Goed geholpen bij het uitzoeke…,Goed geholpen bij het uitzoeken van een radio/navigatie combinatie. Uiteindelijk laten plaatsen in mijn Opel. Tijdens het ophalen van de auto uitleg gehad tot mijn duidelijk was wat dit apparaat allemaal doen kan! Hele goede ervaring en zal er zeker weer komen.,"23.08.2017, 02:00"
rev-eb1c52a9-6fb0-4ce7-a108-cb464153b1fd,,,5.00,2 stuks andriod navigatie geko…,2 stuks andriod navigatie gekocbt bij   audio limburg.  Alles naar wens verlopen,"23.08.2017, 02:00"
rev-b66d9970-0ef1-433f-9f3a-855bbe599c9d,,,1.00,Ik kocht een android radio in …,"Ik kocht een android radio in 2016. De verkoper was aanvankelijk erg vriendelijk aan de telefoon. Alles kon, niets was te gek. Ik ben het product daarom maar gewoon gaan ophalen.  Toen ik thuis kwam werkte de radio allereerst niet met mijn auto's communicatie protocol. Ook ruisde de radio veel op het wifi signaal(wat betekend dat de afscherming niet goed is) was de DAB+ ontvangst erg slecht en liep de radio constant vast.  Toen ik terug naar Car Audio Limburg ging, werd de deur opengedaan met de neerbuigende woorden 'Dag knutselaar'. In het daarop volgende gesprek bleek dat de eigenaar van Car Audio Limburg geen tot weinig kennis had van het verkochte product. Het gesprek was naar en onsamenhangend. De verkopen kwam agressief over.   Ik heb Bol.com gewaarschuwd voor deze praktijken. Bol.com heeft me bedankt voor de waarschuwing en houdt het bedrijf in de gaten.   Ik heb weken daarna het product maar gewoon opgestuurd.  Het slimste wat het bedrijf heeft gedaan is mijn geld terug te storen.","16.08.2017, 02:00"
rev-b2aee5fc-13fc-4899-ae7f-ffd4fec589eb,,,3.00,"Goede producten, slechte afhan…","Goede producten, slechte afhandeling.","14.08.2017, 02:00"
rev-ffdd901f-5f99-4c07-b7c4-5b6ac2ffdebf,,,3.00,Mooi bedrijf naar mijn mening …,"Mooi bedrijf naar mijn mening ,maar de levering duurt wel erg lang.","12.08.2017, 02:00"
rev-eed8486a-f17f-4c07-a1bc-61fd43dc6ea2,,,5.00,Uitstekende uitleg en goede a…,"Uitstekende uitleg en goede afspraken gemaakt , en nagekomen.","08.08.2017, 02:00"
rev-44887b52-8371-4563-8b34-af377aa9c594,,,4.00,"Netjes geholpen, voor een prim…","Netjes geholpen, voor een prima prijs.","07.08.2017, 02:00"
rev-73c3dca5-7abd-477b-9699-d6003b449032,,,4.00,de bestelling liep na wens het…,de bestelling liep na wens het duurde alleen te lang voordat het bestelde compleet was beetje jammer maar kon dacht ik Car Limburg niks aan doen,"06.08.2017, 02:00"
rev-6448e68a-9a99-45b3-8939-773b1e00d481,,,5.00,Zeer te vreden en zeker niet t…,Zeer te vreden en zeker niet te duur Alles wordt zoals afgesproken nagekomen Alles wordt zeer professioneel ingebouwd  Probleemen worden direct verwerkt,"06.08.2017, 02:00"
rev-dee48dbd-c1f7-42c6-b1e5-79697a536db8,,,4.00,Heel goed en goede service,Heel goed en goede service,"06.08.2017, 02:00"
rev-b3917d65-60eb-4c05-8409-a53b3cfff81e,,,5.00,Ik ben 1x heel goed geholpen d…,"Ik ben 1x heel goed geholpen door de monteurs in de werkplaats met het inbouwen van autoradio met navigatiesysteem. En de 2e x door de baas ' himself' bij het inbouwen ander type autoradio , was hem geen moeite teveel. Zeer vriendelijke en kundige mensen!","05.08.2017, 02:00"
rev-6cdb592d-f16f-4d87-9176-ab162ac01bd7,,,5.00,Heel goede service,Heel goede service,"05.08.2017, 02:00"
rev-2c9630dd-6461-431e-8700-c2730e11e8b5,,,5.00,Goede uitleg en goede service.…,Goede uitleg en goede service. Aanlevering zonder problemen bezorgd.,"05.08.2017, 02:00"
rev-e811cde0-13ac-4767-87fe-6bbd53ce1581,,,5.00,Een zeer prettig /transparant …,Een zeer prettig /transparant en behulpzaam bedrijf met voldoende kennis in huis.,"05.08.2017, 02:00"
rev-284455d5-0748-403d-aaab-f26c8abfff8a,,,5.00,Ik ben op een goede en vriende…,Ik ben op een goede en vriendelijke manier geholpen over de aankoop van een car multimedia systeem. Ook de communicatie van car audio Limburg over de (vertraagde) verzending heb ik als positief ervaren.,"05.08.2017, 02:00"
rev-a9c81d6f-a4be-46d9-b38b-e7aa0ae6ff03,,,5.00,Dit is een zaak waar service h…,Dit is een zaak waar service hoog in het vaandel staat. Men verkoopt audio van goede kwaliteit en plaatst die vakkundig. Niet onbelangrijk voor mij is de uiterst vriendelijke manier waarop met klanten wordt omgegaan. Klasse!,"05.08.2017, 02:00"
rev-b99754ad-9b8e-4e88-9663-0e3b1d9b5d50,,,4.00,Zeer accuraat en vriendelijk o…,"Zeer accuraat en vriendelijk ontvangst, uiterst gemotiveerd om oplosing te zoeken voor aangedragen probleem","04.08.2017, 02:00"
rev-6f918959-0106-4b49-afd3-c853da48fc19,,,4.00,goede service !,goede service !,"04.08.2017, 02:00"
rev-5ce09d5b-151e-4c24-adaf-b734ebfb0925,,,5.00,Een jaar geleden vaste aanslui…,Een jaar geleden vaste aansluiting voor tomtom in dashboardkastje gemaakt. Nu na een jaar ervaring verder verbetert. En dat zonder afspraak en zonder kosten. Geweldig. Wat een service. Nogmaals onze hartelijke dank.,"04.08.2017, 02:00"
rev-ca0bc230-fd4b-411a-9be6-85f74ec8d1d4,,,1.00,Niet blij,Niet blij,"04.08.2017, 02:00"
rev-d86ab8e3-959c-42b3-9aab-71fa7f6b37a1,,,3.00,Aflevering radio super Achtera…,Aflevering radio super Achteraf voor uitleg aansluiting waar 5 min. Werk aan besteed was en hiervoor 50€ vragen vindt ik beetje erover...,"04.08.2017, 02:00"
rev-060731e1-cc91-4321-b37b-8958ad773ea1,,,5.00,Perfect goede service,Perfect goede service,"04.08.2017, 02:00"
rev-d1352046-01e9-4d3a-bfd2-adc7eee33a8b,,,5.00,Zeer goed bedrijf met de nodig…,"Zeer goed bedrijf met de nodige kennis en een service op en top tegen een eerlijke prijs !! Een aanrader voor iedereen,ik ga er zeker terug. Grtjs uit Maasmechelen.","04.08.2017, 02:00"
rev-5921fdec-50cb-498c-8e40-d4c424a41214,,,4.00,"Goed, vriendelijke ontvangst, …","Goed, vriendelijke ontvangst, zeer deskundig","04.08.2017, 02:00"
rev-e912080c-e0f4-4885-8557-c7addd2bc471,,,3.00,Leuke radio voor mooie prijs m…,Leuke radio voor mooie prijs maar geen beschrijving en niet compleet. ( geen verloopkabels) Nu bijna een jaar nog altijd niet goed ingebouwd daar de inbouwservice te wensen overlaat. Jammer,"04.08.2017, 02:00"
rev-8f5dfeaa-de7a-44e0-b290-fdc3839611fc,,,4.00,Goed,Goed,"03.08.2017, 02:00"
rev-06f40cb0-154b-47af-a45c-fe6445de3e7a,,,5.00,Goede behandeling ook met prob…,Goede behandeling ook met probleem van navigatie alle lof daarvoor,"02.08.2017, 02:00"
rev-0e12e7e7-383c-4110-b6ea-c070005b2711,,,5.00,"Op 5 Juli 2017, heb ik mijn 2…","Op 5 Juli 2017, heb ik mijn 2din autoradio (JVC KW-V230BT gekocht bij de Mediamarkt)door Dennis van Car Audio Limburg laten inbouwen. Het meegeleverde mini microfoon voor het handsfree bellen is perfect aangesloten en de bedrading mooi weggewerkt. Dit alles is professioneel en perfect gedaan!","02.08.2017, 02:00"
rev-a959fd28-5d41-45a4-88f4-789e259966b7,,,5.00,Ik ben bij Car Audio Limburg t…,Ik ben bij Car Audio Limburg terecht gekomen omdat men gespecialiseerd is in leveren en plaatsen/ombouwen van een bestaande audio installatie naar een alternatieve installatie met meer mogelijkheden. In mijnn geval van een bestaande Ford-C6000 configuratie naar Caraudio plus ingebouwde navigatie. Met wat aanwijzingen heb ik hem zelf kunnen inbouwen en ook naderhand was men graag bereid om wat extra toelichting te geven via telefoon/mail . Ik beveel dit bedrijf aan.,"02.08.2017, 02:00"
rev-8c78f724-8630-46a5-9dbb-fc3bac4b0747,,,4.00,Hulpvaardig en een plezierig p…,Hulpvaardig en een plezierig persoon om mee te praten.,"02.08.2017, 02:00"
rev-5038ecd5-9a33-4181-b879-eafef801dfb5,,,5.00,We zijn heel blij met onze nie…,We zijn heel blij met onze nieuwe audio upgrade in de auto.  Mooi gedaan Dennis!!,"02.08.2017, 02:00"
rev-a33e9015-1047-4e0b-ba3e-d474e2612520,,,5.00,"Hele goeie service, afspraken …","Hele goeie service, afspraken worden goed nagekomen.","02.08.2017, 02:00"
rev-f376ceec-42f1-45a1-89cd-b031551e33f3,,,5.00,Ik vond het bedrijf langs het …,"Ik vond het bedrijf langs het internet en voor een eerste kennismaking ben ik naar Geleen gegaan. Ik voelde meteen dat de eigenaars gemotiveerd waren en het nodige deden om uitleg te geven naar hetgeen ik vroeg. Dennis stelde vast dat er een probleem (AMI/MMI) was met de wagen en ging telefonisch aan de slag . Er werd een oplossing gevonden, deskundig uitgelegd en een afspraak vastgelegd voor montage. De dag van de montage bracht ik de wagen om 10 am en na relatief korte tijd kwam er al een telefoontje dat de wagen klaar was. Weer kreeg ik een deskundige uitleg aan het toestel zelf en alles werkte naar behoren en volgens wens. Nu moet ik wel toegeven dat ik geen ervaring had met het toestel van Duitse origine, en hoop dat het naar behoren blijft functioneren.","02.08.2017, 02:00"
rev-4e5544cd-9152-4b9e-a340-cde62b5d70c1,,,4.00,Goed advies snelle service en …,Goed advies snelle service en professionele mensen!,"02.08.2017, 02:00"
rev-bbd47dd8-855f-40ed-8cb5-d2b33625cda4,,,5.00,Zeer goede en vlotte montage g…,Zeer goede en vlotte montage geheel conform afspraak. Een bedrijf dat nog het vakmanschap hoog in het vaandel heeft staan.,"02.08.2017, 02:00"
rev-142e1985-fc1a-4bd1-b868-384028efe1bf,,,5.00,Zeer tevereden over het vervul…,"Zeer tevereden over het vervullen van mijn wensen, heel vriendelijke Mensen.  Heel goede prijs kwaliteit verhouding.","02.08.2017, 02:00"
rev-65860429-96ab-4591-94db-e10956d7bf12,,,4.00,goed,goed,"02.08.2017, 02:00"
rev-8c9b18e6-50f4-4b16-a754-d5ed5edf2614,,,5.00,zeer kundig en goed,zeer kundig en goed,"02.08.2017, 02:00"
rev-6525355d-9b3a-4ec8-a6aa-0043ab4acf18,,,4.00,Wij zijn zeer tevreden geweest…,"Wij zijn zeer tevreden geweest over Car Audio Limburg. Heel klantvriendelijk, goede service en snel geholpen. Ik zou Car Audio Limburg zeker aanbevelen!!","02.08.2017, 02:00"
rev-71fe5b56-8d4d-473b-bbc8-f2dcc7c80c66,,,5.00,Zeer tevreden over het te woor…,"Zeer tevreden over het te woord staan, de montage en afhandeling.","02.08.2017, 02:00"
rev-5023735d-7e12-401a-9ca3-9c12058aab7c,,,5.00,Goed persoonlijk advies gekreg…,"Goed persoonlijk advies gekregen waarna de installatie werd ingebouwd, prima service en het geluid is top.","02.08.2017, 02:00"
rev-4f149fd7-878c-4272-b140-ee43c950942d,,,4.00,Prima service en telefonisch g…,Prima service en telefonisch goed geholpen.,"02.08.2017, 02:00"
rev-d6787443-e0c1-42fa-b39a-48835879d051,,,5.00,zeer positief. Doen zich alle …,zeer positief. Doen zich alle moeite om problemen op te lossen.,"02.08.2017, 02:00"
rev-2ab7feac-355d-45ae-8014-6d2957d7c81c,,,4.00,Cameras laten plaatsen op een …,Cameras laten plaatsen op een chevrolet avelange,"02.08.2017, 02:00"
rev-1bfe7f71-8deb-447c-8398-ad34494f1d58,,,5.00,Uitstekende service.,Uitstekende service.,"31.07.2017, 02:00"
rev-5c0307f9-41c6-468d-b80a-0b2c0e921108,,,4.00,Goede en vakkundige arbeid. N…,Goede en vakkundige arbeid. Nakomen van afspraken oké. Goede prijs -kwaliteit.,"30.07.2017, 02:00"
rev-95a76716-9d14-4b86-b0be-54f94b453ecb,,,5.00,Tevreden goede service,Tevreden goede service,"30.07.2017, 02:00"
rev-38a52dba-d949-4fd3-a59f-1e7c0e7b029e,,,5.00,Ik ben vindt het een goed bedr…,"Ik ben vindt het een goed bedrijf. Klantvriendelijkheid en goede service. Staan voor me klaar en snelle levering van mijn aankopen. Mvg, Christian G van Gerwen","29.07.2017, 02:00"
rev-1742a3a0-ee67-490b-925e-6c62e4f0bc1c,,,5.00,Heeft voor mij navigatie en au…,Heeft voor mij navigatie en audio in mijn bedrijf bus ingebouwd. Keurig gedaan.,"29.07.2017, 02:00"
rev-826228fc-95af-42c6-87f8-3b206e8781ab,,,5.00,Ik ben er prima geholpen er w…,Ik ben er prima geholpen er wordt naar je wensen geluisterd heb 2 auto s van strak geluid laten voorzien helemaal top  Aan tebevelen,"29.07.2017, 02:00"
rev-5b55ca86-d7f6-4d90-8e38-9ef6aecc5bf9,,,4.00,Prima advies. Goed meegedacht …,Prima advies. Goed meegedacht en keurig werk geleverd.,"29.07.2017, 02:00"
rev-852a69b9-a9c4-449e-bbf6-9e0ca6fc4d3d,,,5.00,Prima bedrijf. Via bol.com een…,Prima bedrijf. Via bol.com een Pioneer autoradio gekocht. Snelle levering en goede aftersale verleend.,"28.07.2017, 02:00"
rev-e2b0c985-c0f9-497c-a344-df3d6fc4eff1,,,5.00,professioneel bedrijf met ruim…,professioneel bedrijf met ruime ervaring wat betreft car audio. goede uitleg en een ruim assortiment met top service!!!,"28.07.2017, 02:00"