woocommerce-LoopProduct-link href,wp-post-image src,attachment-100x100 src,attachment-100x100 src (2),attachment-100x100 src (3),attachment-100x100 src (4)
https://caraudiolimburg.nl/webshop/blackvue-elite-8-2-ch/,https://caraudiolimburg.nl/wp-content/uploads/BlackVue-Elite-8-2ch-600x600.webp,https://caraudiolimburg.nl/wp-content/uploads/elite-8-1ch-rear-2-100x100.webp,https://caraudiolimburg.nl/wp-content/uploads/BlackVue-Elite-8-1ch-WB-2-100x100.webp,https://caraudiolimburg.nl/wp-content/uploads/BlackVue-Elite-8-2ch-100x100.webp,https://caraudiolimburg.nl/wp-content/uploads/RC3-2K-15-100x100.webp
https://caraudiolimburg.nl/webshop/blackvue-elite-8-1-ch/,https://caraudiolimburg.nl/wp-content/uploads/ELITE-8-4-600x600.webp,,,,
https://caraudiolimburg.nl/webshop/blackvue-dr770x-2ch-ii/,https://caraudiolimburg.nl/wp-content/uploads/DR770X-2CH-Zijkant-rechts-600x600.jpg,,,,
https://caraudiolimburg.nl/webshop/blackvue-dr770x-1ch-ii/,https://caraudiolimburg.nl/wp-content/uploads/DR770X-1CH-Schuin-links_Tekengebied-1-600x600.png,,,,
https://caraudiolimburg.nl/webshop/blackvue-dr590x-2ch-plus/,https://caraudiolimburg.nl/wp-content/uploads/DR590X-links-600x600.png,,,,
https://caraudiolimburg.nl/webshop/blackvue-dr590x-1ch-plus/,https://caraudiolimburg.nl/wp-content/uploads/DR590X-1CH_1-600x600.jpg,,,,
https://caraudiolimburg.nl/webshop/blackvue-dr970x-2ch-plus-ii/,https://caraudiolimburg.nl/wp-content/uploads/DR970X-PLUS-2CH-600x600.webp,,,,
https://caraudiolimburg.nl/webshop/blackvue-dr970x-1ch-plus-ii/,https://caraudiolimburg.nl/wp-content/uploads/DR970X-PLUS-1CH-2-600x600.webp,,,,
https://caraudiolimburg.nl/webshop/blackvue-dr970x-2ch-lte-plus-ii/,https://caraudiolimburg.nl/wp-content/uploads/DR970X-LTE-Plus-2CH-1-1-600x600.webp,,,,
